file,line,type,commit,author,date,time,timezone,datetime,depth,length
style.css,1,css,5f9d1929,j2nnifer,2025-04-11,12:09:19,-07:00,2025-04-11T12:09:19-07:00,0,5
style.css,2,css,5f9d1929,j2nnifer,2025-04-11,12:09:19,-07:00,2025-04-11T12:09:19-07:00,0,36
style.css,3,css,5f9d1929,j2nnifer,2025-04-11,12:09:19,-07:00,2025-04-11T12:09:19-07:00,0,33
style.css,4,css,5f9d1929,j2nnifer,2025-04-11,12:09:19,-07:00,2025-04-11T12:09:19-07:00,0,0
style.css,5,css,5f9d1929,j2nnifer,2025-04-11,12:09:19,-07:00,2025-04-11T12:09:19-07:00,0,0
style.css,6,css,53c6a65d,j2nnifer,2025-04-04,19:49:23,-07:00,2025-04-04T19:49:23-07:00,0,5
style.css,7,css,53c6a65d,j2nnifer,2025-04-04,19:49:23,-07:00,2025-04-04T19:49:23-07:00,0,24
style.css,8,css,5f9d1929,j2nnifer,2025-04-11,12:09:19,-07:00,2025-04-11T12:09:19-07:00,0,16
style.css,9,css,5f9d1929,j2nnifer,2025-04-11,12:09:19,-07:00,2025-04-11T12:09:19-07:00,0,19
style.css,10,css,5f9d1929,j2nnifer,2025-04-11,12:09:19,-07:00,2025-04-11T12:09:19-07:00,0,13
style.css,11,css,53c6a65d,j2nnifer,2025-04-04,19:49:23,-07:00,2025-04-04T19:49:23-07:00,0,0
style.css,12,css,5f9d1929,j2nnifer,2025-04-11,12:09:19,-07:00,2025-04-11T12:09:19-07:00,0,0
style.css,13,css,6f044660,j2nnifer,2025-04-11,21:41:24,-07:00,2025-04-11T21:41:24-07:00,0,13
style.css,14,css,6f044660,j2nnifer,2025-04-11,21:41:24,-07:00,2025-04-11T21:41:24-07:00,0,0
style.css,15,css,5f9d1929,j2nnifer,2025-04-11,12:09:19,-07:00,2025-04-11T12:09:19-07:00,0,6
style.css,16,css,5f9d1929,j2nnifer,2025-04-11,12:09:19,-07:00,2025-04-11T12:09:19-07:00,0,7
style.css,17,css,5f9d1929,j2nnifer,2025-04-11,12:09:19,-07:00,2025-04-11T12:09:19-07:00,0,17
style.css,18,css,5f9d1929,j2nnifer,2025-04-11,12:09:19,-07:00,2025-04-11T12:09:19-07:00,0,0
style.css,19,css,5f9d1929,j2nnifer,2025-04-11,12:09:19,-07:00,2025-04-11T12:09:19-07:00,0,4
style.css,20,css,5f9d1929,j2nnifer,2025-04-11,12:09:19,-07:00,2025-04-11T12:09:19-07:00,0,13
style.css,21,css,5f9d1929,j2nnifer,2025-04-11,12:09:19,-07:00,2025-04-11T12:09:19-07:00,0,18
style.css,22,css,5f9d1929,j2nnifer,2025-04-11,12:09:19,-07:00,2025-04-11T12:09:19-07:00,0,42
style.css,23,css,5f9d1929,j2nnifer,2025-04-11,12:09:19,-07:00,2025-04-11T12:09:19-07:00,0,0
style.css,24,css,5f9d1929,j2nnifer,2025-04-11,12:09:19,-07:00,2025-04-11T12:09:19-07:00,0,0
style.css,25,css,5f9d1929,j2nnifer,2025-04-11,12:09:19,-07:00,2025-04-11T12:09:19-07:00,0,6
style.css,26,css,5f9d1929,j2nnifer,2025-04-11,12:09:19,-07:00,2025-04-11T12:09:19-07:00,0,21
style.css,27,css,5f9d1929,j2nnifer,2025-04-11,12:09:19,-07:00,2025-04-11T12:09:19-07:00,0,13
style.css,28,css,5f9d1929,j2nnifer,2025-04-11,12:09:19,-07:00,2025-04-11T12:09:19-07:00,0,18
style.css,29,css,5f9d1929,j2nnifer,2025-04-11,12:09:19,-07:00,2025-04-11T12:09:19-07:00,0,14
style.css,30,css,5f9d1929,j2nnifer,2025-04-11,12:09:19,-07:00,2025-04-11T12:09:19-07:00,0,7
style.css,31,css,5f9d1929,j2nnifer,2025-04-11,12:09:19,-07:00,2025-04-11T12:09:19-07:00,0,0
style.css,32,css,5f9d1929,j2nnifer,2025-04-11,12:09:19,-07:00,2025-04-11T12:09:19-07:00,0,0
style.css,33,css,5f9d1929,j2nnifer,2025-04-11,12:09:19,-07:00,2025-04-11T12:09:19-07:00,0,12
style.css,34,css,5f9d1929,j2nnifer,2025-04-11,12:09:19,-07:00,2025-04-11T12:09:19-07:00,0,46
style.css,35,css,5f9d1929,j2nnifer,2025-04-11,12:09:19,-07:00,2025-04-11T12:09:19-07:00,0,0
style.css,36,css,5f9d1929,j2nnifer,2025-04-11,12:09:19,-07:00,2025-04-11T12:09:19-07:00,0,0
style.css,37,css,5f9d1929,j2nnifer,2025-04-11,12:09:19,-07:00,2025-04-11T12:09:19-07:00,0,14
style.css,38,css,5f9d1929,j2nnifer,2025-04-11,12:09:19,-07:00,2025-04-11T12:09:19-07:00,0,44
style.css,39,css,5f9d1929,j2nnifer,2025-04-11,12:09:19,-07:00,2025-04-11T12:09:19-07:00,0,21
style.css,40,css,5f9d1929,j2nnifer,2025-04-11,12:09:19,-07:00,2025-04-11T12:09:19-07:00,0,0
style.css,41,css,5f9d1929,j2nnifer,2025-04-11,12:09:19,-07:00,2025-04-11T12:09:19-07:00,0,0
style.css,42,css,6f044660,j2nnifer,2025-04-11,21:41:24,-07:00,2025-04-11T21:41:24-07:00,0,10
style.css,43,css,6f044660,j2nnifer,2025-04-11,21:41:24,-07:00,2025-04-11T21:41:24-07:00,0,0
style.css,44,css,6f044660,j2nnifer,2025-04-11,21:41:24,-07:00,2025-04-11T21:41:24-07:00,0,24
style.css,45,css,5f9d1929,j2nnifer,2025-04-11,12:09:19,-07:00,2025-04-11T12:09:19-07:00,0,13
style.css,46,css,75735094,j2nnifer,2025-04-11,17:51:02,-07:00,2025-04-11T17:51:02-07:00,0,19
style.css,47,css,75735094,j2nnifer,2025-04-11,17:51:02,-07:00,2025-04-11T17:51:02-07:00,0,0
style.css,48,css,5f9d1929,j2nnifer,2025-04-11,12:09:19,-07:00,2025-04-11T12:09:19-07:00,0,0
style.css,49,css,5f9d1929,j2nnifer,2025-04-11,12:09:19,-07:00,2025-04-11T12:09:19-07:00,0,0
style.css,50,css,5f9d1929,j2nnifer,2025-04-11,12:09:19,-07:00,2025-04-11T12:09:19-07:00,0,5
style.css,51,css,5f9d1929,j2nnifer,2025-04-11,12:09:19,-07:00,2025-04-11T12:09:19-07:00,0,13
style.css,52,css,5f9d1929,j2nnifer,2025-04-11,12:09:19,-07:00,2025-04-11T12:09:19-07:00,0,31
style.css,53,css,5f9d1929,j2nnifer,2025-04-11,12:09:19,-07:00,2025-04-11T12:09:19-07:00,0,8
style.css,54,css,5f9d1929,j2nnifer,2025-04-11,12:09:19,-07:00,2025-04-11T12:09:19-07:00,0,0
style.css,55,css,5f9d1929,j2nnifer,2025-04-11,12:09:19,-07:00,2025-04-11T12:09:19-07:00,0,0
style.css,56,css,5f9d1929,j2nnifer,2025-04-11,12:09:19,-07:00,2025-04-11T12:09:19-07:00,0,6
style.css,57,css,5f9d1929,j2nnifer,2025-04-11,12:09:19,-07:00,2025-04-11T12:09:19-07:00,0,30
style.css,58,css,5f9d1929,j2nnifer,2025-04-11,12:09:19,-07:00,2025-04-11T12:09:19-07:00,0,19
style.css,59,css,5f9d1929,j2nnifer,2025-04-11,12:09:19,-07:00,2025-04-11T12:09:19-07:00,0,0
style.css,60,css,5f9d1929,j2nnifer,2025-04-11,12:09:19,-07:00,2025-04-11T12:09:19-07:00,0,0
style.css,61,css,6f044660,j2nnifer,2025-04-11,21:41:24,-07:00,2025-04-11T21:41:24-07:00,0,11
style.css,62,css,6f044660,j2nnifer,2025-04-11,21:41:24,-07:00,2025-04-11T21:41:24-07:00,0,0
style.css,63,css,5f9d1929,j2nnifer,2025-04-11,12:09:19,-07:00,2025-04-11T12:09:19-07:00,0,10
style.css,64,css,5f9d1929,j2nnifer,2025-04-11,12:09:19,-07:00,2025-04-11T12:09:19-07:00,0,13
style.css,65,css,5f9d1929,j2nnifer,2025-04-11,12:09:19,-07:00,2025-04-11T12:09:19-07:00,0,59
style.css,66,css,5f9d1929,j2nnifer,2025-04-11,12:09:19,-07:00,2025-04-11T12:09:19-07:00,0,8
style.css,67,css,5f9d1929,j2nnifer,2025-04-11,12:09:19,-07:00,2025-04-11T12:09:19-07:00,0,0
style.css,68,css,5f9d1929,j2nnifer,2025-04-11,12:09:19,-07:00,2025-04-11T12:09:19-07:00,0,0
style.css,69,css,5f9d1929,j2nnifer,2025-04-11,12:09:19,-07:00,2025-04-11T12:09:19-07:00,0,18
style.css,70,css,5f9d1929,j2nnifer,2025-04-11,12:09:19,-07:00,2025-04-11T12:09:19-07:00,0,13
style.css,71,css,5f9d1929,j2nnifer,2025-04-11,12:09:19,-07:00,2025-04-11T12:09:19-07:00,0,27
style.css,72,css,5f9d1929,j2nnifer,2025-04-11,12:09:19,-07:00,2025-04-11T12:09:19-07:00,0,16
style.css,73,css,5f9d1929,j2nnifer,2025-04-11,12:09:19,-07:00,2025-04-11T12:09:19-07:00,0,0
style.css,74,css,5f9d1929,j2nnifer,2025-04-11,12:09:19,-07:00,2025-04-11T12:09:19-07:00,0,0
style.css,75,css,639610a9,j2nnifer,2025-05-08,00:59:52,-07:00,2025-05-08T00:59:52-07:00,0,14
style.css,76,css,639610a9,j2nnifer,2025-05-08,00:59:52,-07:00,2025-05-08T00:59:52-07:00,0,15
style.css,77,css,639610a9,j2nnifer,2025-05-08,00:59:52,-07:00,2025-05-08T00:59:52-07:00,0,12
style.css,78,css,639610a9,j2nnifer,2025-05-08,00:59:52,-07:00,2025-05-08T00:59:52-07:00,0,17
style.css,79,css,639610a9,j2nnifer,2025-05-08,00:59:52,-07:00,2025-05-08T00:59:52-07:00,0,20
style.css,80,css,639610a9,j2nnifer,2025-05-08,00:59:52,-07:00,2025-05-08T00:59:52-07:00,0,0
style.css,81,css,639610a9,j2nnifer,2025-05-08,00:59:52,-07:00,2025-05-08T00:59:52-07:00,0,0
style.css,82,css,6f044660,j2nnifer,2025-04-11,21:41:24,-07:00,2025-04-11T21:41:24-07:00,0,9
style.css,83,css,6f044660,j2nnifer,2025-04-11,21:41:24,-07:00,2025-04-11T21:41:24-07:00,0,8
style.css,84,css,6f044660,j2nnifer,2025-04-11,21:41:24,-07:00,2025-04-11T21:41:24-07:00,0,13
style.css,85,css,6f044660,j2nnifer,2025-04-11,21:41:24,-07:00,2025-04-11T21:41:24-07:00,0,26
style.css,86,css,6f044660,j2nnifer,2025-04-11,21:41:24,-07:00,2025-04-11T21:41:24-07:00,0,8
style.css,87,css,6f044660,j2nnifer,2025-04-11,21:41:24,-07:00,2025-04-11T21:41:24-07:00,0,12
style.css,88,css,6f044660,j2nnifer,2025-04-11,21:41:24,-07:00,2025-04-11T21:41:24-07:00,0,22
style.css,89,css,6f044660,j2nnifer,2025-04-11,21:41:24,-07:00,2025-04-11T21:41:24-07:00,0,0
style.css,90,css,6f044660,j2nnifer,2025-04-11,21:41:24,-07:00,2025-04-11T21:41:24-07:00,0,0
style.css,91,css,6f044660,j2nnifer,2025-04-11,21:41:24,-07:00,2025-04-11T21:41:24-07:00,0,15
style.css,92,css,6f044660,j2nnifer,2025-04-11,21:41:24,-07:00,2025-04-11T21:41:24-07:00,0,18
style.css,93,css,6f044660,j2nnifer,2025-04-11,21:41:24,-07:00,2025-04-11T21:41:24-07:00,0,18
style.css,94,css,6f044660,j2nnifer,2025-04-11,21:41:24,-07:00,2025-04-11T21:41:24-07:00,0,44
style.css,95,css,6f044660,j2nnifer,2025-04-11,21:41:24,-07:00,2025-04-11T21:41:24-07:00,0,21
style.css,96,css,6f044660,j2nnifer,2025-04-11,21:41:24,-07:00,2025-04-11T21:41:24-07:00,0,0
style.css,97,css,6f044660,j2nnifer,2025-04-11,21:41:24,-07:00,2025-04-11T21:41:24-07:00,0,0
style.css,98,css,6f044660,j2nnifer,2025-04-11,21:41:24,-07:00,2025-04-11T21:41:24-07:00,0,17
style.css,99,css,6f044660,j2nnifer,2025-04-11,21:41:24,-07:00,2025-04-11T21:41:24-07:00,0,15
style.css,100,css,6f044660,j2nnifer,2025-04-11,21:41:24,-07:00,2025-04-11T21:41:24-07:00,0,26
style.css,101,css,6f044660,j2nnifer,2025-04-11,21:41:24,-07:00,2025-04-11T21:41:24-07:00,0,21
style.css,102,css,6f044660,j2nnifer,2025-04-11,21:41:24,-07:00,2025-04-11T21:41:24-07:00,0,0
style.css,103,css,6f044660,j2nnifer,2025-04-11,21:41:24,-07:00,2025-04-11T21:41:24-07:00,0,0
style.css,104,css,6f044660,j2nnifer,2025-04-11,21:41:24,-07:00,2025-04-11T21:41:24-07:00,0,23
style.css,105,css,6f044660,j2nnifer,2025-04-11,21:41:24,-07:00,2025-04-11T21:41:24-07:00,0,26
style.css,106,css,6f044660,j2nnifer,2025-04-11,21:41:24,-07:00,2025-04-11T21:41:24-07:00,0,0
style.css,107,css,6f044660,j2nnifer,2025-04-11,21:41:24,-07:00,2025-04-11T21:41:24-07:00,0,0
style.css,108,css,6f044660,j2nnifer,2025-04-11,21:41:24,-07:00,2025-04-11T21:41:24-07:00,0,16
style.css,109,css,6f044660,j2nnifer,2025-04-11,21:41:24,-07:00,2025-04-11T21:41:24-07:00,0,17
style.css,110,css,6f044660,j2nnifer,2025-04-11,21:41:24,-07:00,2025-04-11T21:41:24-07:00,0,0
style.css,111,css,6f044660,j2nnifer,2025-04-11,21:41:24,-07:00,2025-04-11T21:41:24-07:00,0,0
style.css,112,css,6f044660,j2nnifer,2025-04-11,21:41:24,-07:00,2025-04-11T21:41:24-07:00,0,19
style.css,113,css,6f044660,j2nnifer,2025-04-11,21:41:24,-07:00,2025-04-11T21:41:24-07:00,0,16
style.css,114,css,6f044660,j2nnifer,2025-04-11,21:41:24,-07:00,2025-04-11T21:41:24-07:00,0,44
style.css,115,css,6f044660,j2nnifer,2025-04-11,21:41:24,-07:00,2025-04-11T21:41:24-07:00,0,21
style.css,116,css,6f044660,j2nnifer,2025-04-11,21:41:24,-07:00,2025-04-11T21:41:24-07:00,0,18
style.css,117,css,6f044660,j2nnifer,2025-04-11,21:41:24,-07:00,2025-04-11T21:41:24-07:00,0,0
style.css,118,css,6f044660,j2nnifer,2025-04-11,21:41:24,-07:00,2025-04-11T21:41:24-07:00,0,0
style.css,119,css,6f044660,j2nnifer,2025-04-11,21:41:24,-07:00,2025-04-11T21:41:24-07:00,0,16
style.css,120,css,6f044660,j2nnifer,2025-04-11,21:41:24,-07:00,2025-04-11T21:41:24-07:00,0,12
style.css,121,css,6f044660,j2nnifer,2025-04-11,21:41:24,-07:00,2025-04-11T21:41:24-07:00,0,42
style.css,122,css,6f044660,j2nnifer,2025-04-11,21:41:24,-07:00,2025-04-11T21:41:24-07:00,0,31
style.css,123,css,6f044660,j2nnifer,2025-04-11,21:41:24,-07:00,2025-04-11T21:41:24-07:00,0,20
style.css,124,css,6f044660,j2nnifer,2025-04-11,21:41:24,-07:00,2025-04-11T21:41:24-07:00,0,20
style.css,125,css,6f044660,j2nnifer,2025-04-11,21:41:24,-07:00,2025-04-11T21:41:24-07:00,0,0
style.css,126,css,6f044660,j2nnifer,2025-04-11,21:41:24,-07:00,2025-04-11T21:41:24-07:00,0,0
style.css,127,css,6f044660,j2nnifer,2025-04-11,21:41:24,-07:00,2025-04-11T21:41:24-07:00,0,19
style.css,128,css,6f044660,j2nnifer,2025-04-11,21:41:24,-07:00,2025-04-11T21:41:24-07:00,0,20
style.css,129,css,6f044660,j2nnifer,2025-04-11,21:41:24,-07:00,2025-04-11T21:41:24-07:00,0,16
style.css,130,css,6f044660,j2nnifer,2025-04-11,21:41:24,-07:00,2025-04-11T21:41:24-07:00,0,26
style.css,131,css,6f044660,j2nnifer,2025-04-11,21:41:24,-07:00,2025-04-11T21:41:24-07:00,0,0
style.css,132,css,6f044660,j2nnifer,2025-04-11,21:41:24,-07:00,2025-04-11T21:41:24-07:00,0,0
style.css,133,css,6f044660,j2nnifer,2025-04-11,21:41:24,-07:00,2025-04-11T21:41:24-07:00,0,21
style.css,134,css,6f044660,j2nnifer,2025-04-11,21:41:24,-07:00,2025-04-11T21:41:24-07:00,0,17
style.css,135,css,6f044660,j2nnifer,2025-04-11,21:41:24,-07:00,2025-04-11T21:41:24-07:00,0,26
style.css,136,css,6f044660,j2nnifer,2025-04-11,21:41:24,-07:00,2025-04-11T21:41:24-07:00,0,0
style.css,137,css,6f044660,j2nnifer,2025-04-11,21:41:24,-07:00,2025-04-11T21:41:24-07:00,0,0
style.css,138,css,6f044660,j2nnifer,2025-04-11,21:41:24,-07:00,2025-04-11T21:41:24-07:00,0,19
style.css,139,css,6f044660,j2nnifer,2025-04-11,21:41:24,-07:00,2025-04-11T21:41:24-07:00,0,19
style.css,140,css,6f044660,j2nnifer,2025-04-11,21:41:24,-07:00,2025-04-11T21:41:24-07:00,0,21
style.css,141,css,6f044660,j2nnifer,2025-04-11,21:41:24,-07:00,2025-04-11T21:41:24-07:00,0,17
style.css,142,css,5f9d1929,j2nnifer,2025-04-11,12:09:19,-07:00,2025-04-11T12:09:19-07:00,0,0
style.css,143,css,5f9d1929,j2nnifer,2025-04-11,12:09:19,-07:00,2025-04-11T12:09:19-07:00,0,0
style.css,144,css,6f044660,j2nnifer,2025-04-11,21:41:24,-07:00,2025-04-11T21:41:24-07:00,0,22
style.css,145,css,6f044660,j2nnifer,2025-04-11,21:41:24,-07:00,2025-04-11T21:41:24-07:00,0,20
style.css,146,css,e7c48377,j2nnifer,2025-05-08,00:02:39,-07:00,2025-05-08T00:02:39-07:00,0,0
style.css,147,css,e7c48377,j2nnifer,2025-05-08,00:02:39,-07:00,2025-05-08T00:02:39-07:00,0,0
style.css,148,css,e7c48377,j2nnifer,2025-05-08,00:02:39,-07:00,2025-05-08T00:02:39-07:00,0,10
style.css,149,css,e7c48377,j2nnifer,2025-05-08,00:02:39,-07:00,2025-05-08T00:02:39-07:00,0,0
style.css,150,css,e7c48377,j2nnifer,2025-05-08,00:02:39,-07:00,2025-05-08T00:02:39-07:00,0,19
style.css,151,css,e7c48377,j2nnifer,2025-05-08,00:02:39,-07:00,2025-05-08T00:02:39-07:00,0,15
style.css,152,css,e7c48377,j2nnifer,2025-05-08,00:02:39,-07:00,2025-05-08T00:02:39-07:00,0,17
style.css,153,css,e7c48377,j2nnifer,2025-05-08,00:02:39,-07:00,2025-05-08T00:02:39-07:00,0,17
style.css,154,css,7aa4af06,j2nnifer,2025-05-08,01:27:48,-07:00,2025-05-08T01:27:48-07:00,0,7
style.css,155,css,e7c48377,j2nnifer,2025-05-08,00:02:39,-07:00,2025-05-08T00:02:39-07:00,0,0
style.css,156,css,4341337f,j2nnifer,2025-05-08,00:41:43,-07:00,2025-05-08T00:41:43-07:00,0,0
style.css,157,css,4341337f,j2nnifer,2025-05-08,00:41:43,-07:00,2025-05-08T00:41:43-07:00,0,28
style.css,158,css,4341337f,j2nnifer,2025-05-08,00:41:43,-07:00,2025-05-08T00:41:43-07:00,0,8
style.css,159,css,4341337f,j2nnifer,2025-05-08,00:41:43,-07:00,2025-05-08T00:41:43-07:00,0,13
style.css,160,css,1f5f8ef4,j2nnifer,2025-05-08,00:49:24,-07:00,2025-05-08T00:49:24-07:00,0,7
style.css,161,css,d23fd3d7,j2nnifer,2025-05-08,01:11:18,-07:00,2025-05-08T01:11:18-07:00,0,15
style.css,162,css,4341337f,j2nnifer,2025-05-08,00:41:43,-07:00,2025-05-08T00:41:43-07:00,0,58
style.css,163,css,4341337f,j2nnifer,2025-05-08,00:41:43,-07:00,2025-05-08T00:41:43-07:00,0,8
style.css,164,css,4341337f,j2nnifer,2025-05-08,00:41:43,-07:00,2025-05-08T00:41:43-07:00,0,21
style.css,165,css,4341337f,j2nnifer,2025-05-08,00:41:43,-07:00,2025-05-08T00:41:43-07:00,0,12
style.css,166,css,4341337f,j2nnifer,2025-05-08,00:41:43,-07:00,2025-05-08T00:41:43-07:00,0,15
style.css,167,css,4341337f,j2nnifer,2025-05-08,00:41:43,-07:00,2025-05-08T00:41:43-07:00,0,0
style.css,168,css,4341337f,j2nnifer,2025-05-08,00:41:43,-07:00,2025-05-08T00:41:43-07:00,0,0
style.css,169,css,4341337f,j2nnifer,2025-05-08,00:41:43,-07:00,2025-05-08T00:41:43-07:00,0,28
style.css,170,css,4341337f,j2nnifer,2025-05-08,00:41:43,-07:00,2025-05-08T00:41:43-07:00,0,13
style.css,171,css,4341337f,j2nnifer,2025-05-08,00:41:43,-07:00,2025-05-08T00:41:43-07:00,0,13
style.css,172,css,4341337f,j2nnifer,2025-05-08,00:41:43,-07:00,2025-05-08T00:41:43-07:00,0,19
style.css,173,css,4341337f,j2nnifer,2025-05-08,00:41:43,-07:00,2025-05-08T00:41:43-07:00,0,10
style.css,174,css,4341337f,j2nnifer,2025-05-08,00:41:43,-07:00,2025-05-08T00:41:43-07:00,0,0
style.css,175,css,4341337f,j2nnifer,2025-05-08,00:41:43,-07:00,2025-05-08T00:41:43-07:00,0,0
style.css,176,css,4341337f,j2nnifer,2025-05-08,00:41:43,-07:00,2025-05-08T00:41:43-07:00,0,18
style.css,177,css,4341337f,j2nnifer,2025-05-08,00:41:43,-07:00,2025-05-08T00:41:43-07:00,0,8
style.css,178,css,4341337f,j2nnifer,2025-05-08,00:41:43,-07:00,2025-05-08T00:41:43-07:00,0,21
style.css,179,css,4341337f,j2nnifer,2025-05-08,00:41:43,-07:00,2025-05-08T00:41:43-07:00,0,10
style.css,180,css,4341337f,j2nnifer,2025-05-08,00:41:43,-07:00,2025-05-08T00:41:43-07:00,0,11
style.css,181,css,4341337f,j2nnifer,2025-05-08,00:41:43,-07:00,2025-05-08T00:41:43-07:00,0,30
style.css,182,css,e165cc53,j2nnifer,2025-05-08,00:48:26,-07:00,2025-05-08T00:48:26-07:00,0,18
style.css,183,css,40729566,j2nnifer,2025-05-08,01:03:39,-07:00,2025-05-08T01:03:39-07:00,0,0
style.css,184,css,40729566,j2nnifer,2025-05-08,01:03:39,-07:00,2025-05-08T01:03:39-07:00,0,0
style.css,185,css,40729566,j2nnifer,2025-05-08,01:03:39,-07:00,2025-05-08T01:03:39-07:00,0,11
style.css,186,css,40729566,j2nnifer,2025-05-08,01:03:39,-07:00,2025-05-08T01:03:39-07:00,0,13
style.css,187,css,d23fd3d7,j2nnifer,2025-05-08,01:11:18,-07:00,2025-05-08T01:11:18-07:00,0,10
style.css,188,css,2a1d7590,j2nnifer,2025-05-08,01:15:41,-07:00,2025-05-08T01:15:41-07:00,0,18
style.css,189,css,56cbbdf7,j2nnifer,2025-05-08,19:56:16,-07:00,2025-05-08T19:56:16-07:00,0,0
style.css,190,css,56cbbdf7,j2nnifer,2025-05-08,19:56:16,-07:00,2025-05-08T19:56:16-07:00,0,5
style.css,191,css,0d10bde4,j2nnifer,2025-05-08,20:09:17,-07:00,2025-05-08T20:09:17-07:00,0,15
style.css,192,css,0d10bde4,j2nnifer,2025-05-08,20:09:17,-07:00,2025-05-08T20:09:17-07:00,0,47
style.css,193,css,56cbbdf7,j2nnifer,2025-05-08,19:56:16,-07:00,2025-05-08T19:56:16-07:00,0,0
style.css,194,css,56cbbdf7,j2nnifer,2025-05-08,19:56:16,-07:00,2025-05-08T19:56:16-07:00,0,0
style.css,195,css,092d730c,j2nnifer,2025-05-08,20:04:21,-07:00,2025-05-08T20:04:21-07:00,0,14
style.css,196,css,e3080a40,j2nnifer,2025-05-08,20:11:18,-07:00,2025-05-08T20:11:18-07:00,0,10
style.css,197,css,0d10bde4,j2nnifer,2025-05-08,20:09:17,-07:00,2025-05-08T20:09:17-07:00,0,12
style.css,198,css,092d730c,j2nnifer,2025-05-08,20:04:21,-07:00,2025-05-08T20:04:21-07:00,0,17
style.css,199,css,092d730c,j2nnifer,2025-05-08,20:04:21,-07:00,2025-05-08T20:04:21-07:00,0,0
style.css,200,css,092d730c,j2nnifer,2025-05-08,20:04:21,-07:00,2025-05-08T20:04:21-07:00,0,0
style.css,201,css,0d10bde4,j2nnifer,2025-05-08,20:09:17,-07:00,2025-05-08T20:09:17-07:00,0,27
style.css,202,css,0d10bde4,j2nnifer,2025-05-08,20:09:17,-07:00,2025-05-08T20:09:17-07:00,0,12
style.css,203,css,092d730c,j2nnifer,2025-05-08,20:04:21,-07:00,2025-05-08T20:04:21-07:00,0,0
style.css,204,css,092d730c,j2nnifer,2025-05-08,20:04:21,-07:00,2025-05-08T20:04:21-07:00,0,0
style.css,205,css,092d730c,j2nnifer,2025-05-08,20:04:21,-07:00,2025-05-08T20:04:21-07:00,0,11
style.css,206,css,092d730c,j2nnifer,2025-05-08,20:04:21,-07:00,2025-05-08T20:04:21-07:00,0,15
style.css,207,css,092d730c,j2nnifer,2025-05-08,20:04:21,-07:00,2025-05-08T20:04:21-07:00,0,38
style.css,208,css,092d730c,j2nnifer,2025-05-08,20:04:21,-07:00,2025-05-08T20:04:21-07:00,0,0
style.css,209,css,092d730c,j2nnifer,2025-05-08,20:04:21,-07:00,2025-05-08T20:04:21-07:00,0,0
style.css,210,css,56cbbdf7,j2nnifer,2025-05-08,19:56:16,-07:00,2025-05-08T19:56:16-07:00,0,20
style.css,211,css,56cbbdf7,j2nnifer,2025-05-08,19:56:16,-07:00,2025-05-08T19:56:16-07:00,0,17
style.css,212,css,0d10bde4,j2nnifer,2025-05-08,20:09:17,-07:00,2025-05-08T20:09:17-07:00,0,37
style.css,213,css,0d10bde4,j2nnifer,2025-05-08,20:09:17,-07:00,2025-05-08T20:09:17-07:00,0,0
index.js,1,js,576311ee,j2nnifer,2025-05-08,01:16:05,-07:00,2025-05-08T01:16:05-07:00,0,75
index.js,2,js,4e180258,j2nnifer,2025-04-25,16:55:02,-07:00,2025-04-25T16:55:02-07:00,0,0
index.js,3,js,4e180258,j2nnifer,2025-04-25,16:55:02,-07:00,2025-04-25T16:55:02-07:00,0,0
index.js,4,js,ed219055,j2nnifer,2025-04-25,17:28:32,-07:00,2025-04-25T17:28:32-07:00,0,29
index.js,5,js,0aebbb77,j2nnifer,2025-04-25,17:26:06,-07:00,2025-04-25T17:26:06-07:00,0,61
index.js,6,js,0aebbb77,j2nnifer,2025-04-25,17:26:06,-07:00,2025-04-25T17:26:06-07:00,0,0
index.js,7,js,0aebbb77,j2nnifer,2025-04-25,17:26:06,-07:00,2025-04-25T17:26:06-07:00,0,55
index.js,8,js,0aebbb77,j2nnifer,2025-04-25,17:26:06,-07:00,2025-04-25T17:26:06-07:00,0,43
index.js,9,js,0aebbb77,j2nnifer,2025-04-25,17:26:06,-07:00,2025-04-25T17:26:06-07:00,0,0
index.js,10,js,0aebbb77,j2nnifer,2025-04-25,17:26:06,-07:00,2025-04-25T17:26:06-07:00,0,55
index.js,11,js,0aebbb77,j2nnifer,2025-04-25,17:26:06,-07:00,2025-04-25T17:26:06-07:00,0,0
index.js,12,js,ee3a041b,j2nnifer,2025-04-25,17:00:49,-07:00,2025-04-25T17:00:49-07:00,0,0
index.js,13,js,ee3a041b,j2nnifer,2025-04-25,17:00:49,-07:00,2025-04-25T17:00:49-07:00,0,0
index.js,14,js,c5ecc5d1,j2nnifer,2025-04-25,17:36:44,-07:00,2025-04-25T17:36:44-07:00,0,25
index.js,15,js,0aebbb77,j2nnifer,2025-04-25,17:26:06,-07:00,2025-04-25T17:26:06-07:00,0,61
index.js,16,js,0aebbb77,j2nnifer,2025-04-25,17:26:06,-07:00,2025-04-25T17:26:06-07:00,0,18
index.js,17,js,c5ecc5d1,j2nnifer,2025-04-25,17:36:44,-07:00,2025-04-25T17:36:44-07:00,0,52
index.js,18,js,0aebbb77,j2nnifer,2025-04-25,17:26:06,-07:00,2025-04-25T17:26:06-07:00,0,25
index.js,19,js,0aebbb77,j2nnifer,2025-04-25,17:26:06,-07:00,2025-04-25T17:26:06-07:00,0,23
index.js,20,js,0aebbb77,j2nnifer,2025-04-25,17:26:06,-07:00,2025-04-25T17:26:06-07:00,0,30
index.js,21,js,0aebbb77,j2nnifer,2025-04-25,17:26:06,-07:00,2025-04-25T17:26:06-07:00,0,22
index.js,22,js,0aebbb77,j2nnifer,2025-04-25,17:26:06,-07:00,2025-04-25T17:26:06-07:00,0,38
index.js,23,js,0aebbb77,j2nnifer,2025-04-25,17:26:06,-07:00,2025-04-25T17:26:06-07:00,0,52
index.js,24,js,0aebbb77,j2nnifer,2025-04-25,17:26:06,-07:00,2025-04-25T17:26:06-07:00,0,5
index.js,25,js,0aebbb77,j2nnifer,2025-04-25,17:26:06,-07:00,2025-04-25T17:26:06-07:00,0,22
index.js,26,js,0aebbb77,j2nnifer,2025-04-25,17:26:06,-07:00,2025-04-25T17:26:06-07:00,0,38
index.js,27,js,0aebbb77,j2nnifer,2025-04-25,17:26:06,-07:00,2025-04-25T17:26:06-07:00,0,52
index.js,28,js,0aebbb77,j2nnifer,2025-04-25,17:26:06,-07:00,2025-04-25T17:26:06-07:00,0,5
index.js,29,js,0aebbb77,j2nnifer,2025-04-25,17:26:06,-07:00,2025-04-25T17:26:06-07:00,0,22
index.js,30,js,0aebbb77,j2nnifer,2025-04-25,17:26:06,-07:00,2025-04-25T17:26:06-07:00,0,41
index.js,31,js,0aebbb77,j2nnifer,2025-04-25,17:26:06,-07:00,2025-04-25T17:26:06-07:00,0,55
index.js,32,js,0aebbb77,j2nnifer,2025-04-25,17:26:06,-07:00,2025-04-25T17:26:06-07:00,0,5
index.js,33,js,0aebbb77,j2nnifer,2025-04-25,17:26:06,-07:00,2025-04-25T17:26:06-07:00,0,22
index.js,34,js,0aebbb77,j2nnifer,2025-04-25,17:26:06,-07:00,2025-04-25T17:26:06-07:00,0,41
index.js,35,js,0aebbb77,j2nnifer,2025-04-25,17:26:06,-07:00,2025-04-25T17:26:06-07:00,0,55
index.js,36,js,0aebbb77,j2nnifer,2025-04-25,17:26:06,-07:00,2025-04-25T17:26:06-07:00,0,5
index.js,37,js,0aebbb77,j2nnifer,2025-04-25,17:26:06,-07:00,2025-04-25T17:26:06-07:00,0,5
index.js,38,js,ee3a041b,j2nnifer,2025-04-25,17:00:49,-07:00,2025-04-25T17:00:49-07:00,0,1
index.js,39,js,0aebbb77,j2nnifer,2025-04-25,17:26:06,-07:00,2025-04-25T17:26:06-07:00,0,0
index.js,40,js,ee3a041b,j2nnifer,2025-04-25,17:00:49,-07:00,2025-04-25T17:00:49-07:00,0,0
index.js,41,js,0aebbb77,j2nnifer,2025-04-25,17:26:06,-07:00,2025-04-25T17:26:06-07:00,0,0
index.js,42,js,0aebbb77,j2nnifer,2025-04-25,17:26:06,-07:00,2025-04-25T17:26:06-07:00,0,0
index.js,43,js,ed219055,j2nnifer,2025-04-25,17:28:32,-07:00,2025-04-25T17:28:32-07:00,0,9
index.js,44,js,f93ecf18,j2nnifer,2025-05-07,23:59:59,-07:00,2025-05-07T23:59:59-07:00,0,13
index.js,45,js,f93ecf18,j2nnifer,2025-05-07,23:59:59,-07:00,2025-05-07T23:59:59-07:00,0,0
index.js,46,js,f93ecf18,j2nnifer,2025-05-07,23:59:59,-07:00,2025-05-07T23:59:59-07:00,0,0
index.html,1,html,7dd2b34d,j2nnifer,2025-04-18,20:58:54,-07:00,2025-04-18T20:58:54-07:00,0,0
index.html,2,html,5f1894f8,j2nnifer,2025-04-03,16:01:56,-07:00,2025-04-03T16:01:56-07:00,0,14
index.html,3,html,5f1894f8,j2nnifer,2025-04-03,16:01:56,-07:00,2025-04-03T16:01:56-07:00,0,15
index.html,4,html,5f1894f8,j2nnifer,2025-04-03,16:01:56,-07:00,2025-04-03T16:01:56-07:00,0,5
index.html,5,html,5f1894f8,j2nnifer,2025-04-03,16:01:56,-07:00,2025-04-03T16:01:56-07:00,0,21
index.html,6,html,5f1894f8,j2nnifer,2025-04-03,16:01:56,-07:00,2025-04-03T16:01:56-07:00,0,69
index.html,7,html,53c6a65d,j2nnifer,2025-04-04,19:49:23,-07:00,2025-04-04T19:49:23-07:00,0,0
index.html,8,html,75735094,j2nnifer,2025-04-11,17:51:02,-07:00,2025-04-11T17:51:02-07:00,0,51
index.html,9,html,12761cf0,j2nnifer,2025-04-25,16:35:37,-07:00,2025-04-25T16:35:37-07:00,0,0
index.html,10,html,12761cf0,j2nnifer,2025-04-25,16:35:37,-07:00,2025-04-25T16:35:37-07:00,0,39
index.html,11,html,12761cf0,j2nnifer,2025-04-25,16:35:37,-07:00,2025-04-25T16:35:37-07:00,0,46
index.html,12,html,12761cf0,j2nnifer,2025-04-25,16:35:37,-07:00,2025-04-25T16:35:37-07:00,0,51
index.html,13,html,12761cf0,j2nnifer,2025-04-25,16:35:37,-07:00,2025-04-25T16:35:37-07:00,0,0
index.html,14,html,75735094,j2nnifer,2025-04-11,17:51:02,-07:00,2025-04-11T17:51:02-07:00,0,21
index.html,15,html,75735094,j2nnifer,2025-04-11,17:51:02,-07:00,2025-04-11T17:51:02-07:00,0,0
index.html,16,html,5f9d1929,j2nnifer,2025-04-11,12:09:19,-07:00,2025-04-11T12:09:19-07:00,0,67
index.html,17,html,53c6a65d,j2nnifer,2025-04-04,19:49:23,-07:00,2025-04-04T19:49:23-07:00,0,0
index.html,18,html,53c6a65d,j2nnifer,2025-04-04,19:49:23,-07:00,2025-04-04T19:49:23-07:00,0,89
index.html,19,html,53c6a65d,j2nnifer,2025-04-04,19:49:23,-07:00,2025-04-04T19:49:23-07:00,0,0
index.html,20,html,f8bf2013,j2nnifer,2025-04-25,17:05:35,-07:00,2025-04-25T17:05:35-07:00,0,23
index.html,21,html,7aa4af06,j2nnifer,2025-05-08,01:27:48,-07:00,2025-05-08T01:27:48-07:00,0,0
index.html,22,html,4186d550,j2nnifer,2025-04-25,16:56:47,-07:00,2025-04-25T16:56:47-07:00,0,21
index.html,23,html,4186d550,j2nnifer,2025-04-25,16:56:47,-07:00,2025-04-25T16:56:47-07:00,0,50
index.html,24,html,4186d550,j2nnifer,2025-04-25,16:56:47,-07:00,2025-04-25T16:56:47-07:00,0,5
index.html,25,html,53c6a65d,j2nnifer,2025-04-04,19:49:23,-07:00,2025-04-04T19:49:23-07:00,0,0
index.html,26,html,f8bf2013,j2nnifer,2025-04-25,17:05:35,-07:00,2025-04-25T17:05:35-07:00,0,23
index.html,27,html,f8bf2013,j2nnifer,2025-04-25,17:05:35,-07:00,2025-04-25T17:05:35-07:00,0,20
index.html,28,html,f8bf2013,j2nnifer,2025-04-25,17:05:35,-07:00,2025-04-25T17:05:35-07:00,0,5
index.html,29,html,f8bf2013,j2nnifer,2025-04-25,17:05:35,-07:00,2025-04-25T17:05:35-07:00,0,0
index.html,30,html,5f1894f8,j2nnifer,2025-04-03,16:01:56,-07:00,2025-04-03T16:01:56-07:00,0,6
index.html,31,html,5f1894f8,j2nnifer,2025-04-03,16:01:56,-07:00,2025-04-03T16:01:56-07:00,0,5
index.html,32,html,12761cf0,j2nnifer,2025-04-25,16:35:37,-07:00,2025-04-25T16:35:37-07:00,0,0
index.html,33,html,5f1894f8,j2nnifer,2025-04-03,16:01:56,-07:00,2025-04-03T16:01:56-07:00,0,6
index.html,34,html,5f1894f8,j2nnifer,2025-04-03,16:01:56,-07:00,2025-04-03T16:01:56-07:00,0,6
global.js,1,js,7dd2b34d,j2nnifer,2025-04-18,20:58:54,-07:00,2025-04-18T20:58:54-07:00,0,26
global.js,2,js,7dd2b34d,j2nnifer,2025-04-18,20:58:54,-07:00,2025-04-18T20:58:54-07:00,0,0
global.js,3,js,7dd2b34d,j2nnifer,2025-04-18,20:58:54,-07:00,2025-04-18T20:58:54-07:00,0,42
global.js,4,js,7dd2b34d,j2nnifer,2025-04-18,20:58:54,-07:00,2025-04-18T20:58:54-07:00,0,53
global.js,5,js,7dd2b34d,j2nnifer,2025-04-18,20:58:54,-07:00,2025-04-18T20:58:54-07:00,0,0
global.js,6,js,7dd2b34d,j2nnifer,2025-04-18,20:58:54,-07:00,2025-04-18T20:58:54-07:00,0,0
global.js,7,js,7dd2b34d,j2nnifer,2025-04-18,20:58:54,-07:00,2025-04-18T20:58:54-07:00,0,89
global.js,8,js,7dd2b34d,j2nnifer,2025-04-18,20:58:54,-07:00,2025-04-18T20:58:54-07:00,0,4
global.js,9,js,e2217250,j2nnifer,2025-04-25,16:45:12,-07:00,2025-04-25T16:45:12-07:00,0,15
global.js,10,js,7dd2b34d,j2nnifer,2025-04-18,20:58:54,-07:00,2025-04-18T20:58:54-07:00,0,0
global.js,11,js,12761cf0,j2nnifer,2025-04-25,16:35:37,-07:00,2025-04-25T16:35:37-07:00,0,12
global.js,12,js,12761cf0,j2nnifer,2025-04-25,16:35:37,-07:00,2025-04-25T16:35:37-07:00,0,26
global.js,13,js,12761cf0,j2nnifer,2025-04-25,16:35:37,-07:00,2025-04-25T16:35:37-07:00,0,38
global.js,14,js,12761cf0,j2nnifer,2025-04-25,16:35:37,-07:00,2025-04-25T16:35:37-07:00,0,37
global.js,15,js,12761cf0,j2nnifer,2025-04-25,16:35:37,-07:00,2025-04-25T16:35:37-07:00,0,35
global.js,16,js,4184750a,j2nnifer,2025-05-09,09:16:10,-07:00,2025-05-09T09:16:10-07:00,0,31
global.js,17,js,12761cf0,j2nnifer,2025-04-25,16:35:37,-07:00,2025-04-25T16:35:37-07:00,0,72
global.js,18,js,6ace5555,j2nnifer,2025-04-18,21:08:17,-07:00,2025-04-18T21:08:17-07:00,0,1
global.js,19,js,7dd2b34d,j2nnifer,2025-04-18,20:58:54,-07:00,2025-04-18T20:58:54-07:00,0,0
global.js,20,js,7dd2b34d,j2nnifer,2025-04-18,20:58:54,-07:00,2025-04-18T20:58:54-07:00,0,28
global.js,21,js,7dd2b34d,j2nnifer,2025-04-18,20:58:54,-07:00,2025-04-18T20:58:54-07:00,0,41
global.js,22,js,7dd2b34d,j2nnifer,2025-04-18,20:58:54,-07:00,2025-04-18T20:58:54-07:00,0,39
global.js,23,js,7dd2b34d,j2nnifer,2025-04-18,20:58:54,-07:00,2025-04-18T20:58:54-07:00,0,19
global.js,24,js,7dd2b34d,j2nnifer,2025-04-18,20:58:54,-07:00,2025-04-18T20:58:54-07:00,0,0
global.js,25,js,7dd2b34d,j2nnifer,2025-04-18,20:58:54,-07:00,2025-04-18T20:58:54-07:00,0,21
global.js,26,js,7dd2b34d,j2nnifer,2025-04-18,20:58:54,-07:00,2025-04-18T20:58:54-07:00,0,15
global.js,27,js,7dd2b34d,j2nnifer,2025-04-18,20:58:54,-07:00,2025-04-18T20:58:54-07:00,0,19
global.js,28,js,7dd2b34d,j2nnifer,2025-04-18,20:58:54,-07:00,2025-04-18T20:58:54-07:00,0,0
global.js,29,js,7dd2b34d,j2nnifer,2025-04-18,20:58:54,-07:00,2025-04-18T20:58:54-07:00,0,29
global.js,30,js,7dd2b34d,j2nnifer,2025-04-18,20:58:54,-07:00,2025-04-18T20:58:54-07:00,0,21
global.js,31,js,7dd2b34d,j2nnifer,2025-04-18,20:58:54,-07:00,2025-04-18T20:58:54-07:00,0,0
global.js,32,js,7dd2b34d,j2nnifer,2025-04-18,20:58:54,-07:00,2025-04-18T20:58:54-07:00,0,0
global.js,33,js,7dd2b34d,j2nnifer,2025-04-18,20:58:54,-07:00,2025-04-18T20:58:54-07:00,0,39
global.js,34,js,7dd2b34d,j2nnifer,2025-04-18,20:58:54,-07:00,2025-04-18T20:58:54-07:00,0,0
global.js,35,js,7dd2b34d,j2nnifer,2025-04-18,20:58:54,-07:00,2025-04-18T20:58:54-07:00,0,37
global.js,36,js,7dd2b34d,j2nnifer,2025-04-18,20:58:54,-07:00,2025-04-18T20:58:54-07:00,0,12
global.js,37,js,7dd2b34d,j2nnifer,2025-04-18,20:58:54,-07:00,2025-04-18T20:58:54-07:00,0,21
global.js,38,js,7dd2b34d,j2nnifer,2025-04-18,20:58:54,-07:00,2025-04-18T20:58:54-07:00,0,0
global.js,39,js,7dd2b34d,j2nnifer,2025-04-18,20:58:54,-07:00,2025-04-18T20:58:54-07:00,0,18
global.js,40,js,7dd2b34d,j2nnifer,2025-04-18,20:58:54,-07:00,2025-04-18T20:58:54-07:00,0,9
global.js,41,js,7dd2b34d,j2nnifer,2025-04-18,20:58:54,-07:00,2025-04-18T20:58:54-07:00,0,59
global.js,42,js,7dd2b34d,j2nnifer,2025-04-18,20:58:54,-07:00,2025-04-18T20:58:54-07:00,0,1
global.js,43,js,7dd2b34d,j2nnifer,2025-04-18,20:58:54,-07:00,2025-04-18T20:58:54-07:00,0,0
global.js,44,js,7dd2b34d,j2nnifer,2025-04-18,20:58:54,-07:00,2025-04-18T20:58:54-07:00,0,63
global.js,45,js,7dd2b34d,j2nnifer,2025-04-18,20:58:54,-07:00,2025-04-18T20:58:54-07:00,0,0
global.js,46,js,7dd2b34d,j2nnifer,2025-04-18,20:58:54,-07:00,2025-04-18T20:58:54-07:00,0,17
global.js,47,js,7dd2b34d,j2nnifer,2025-04-18,20:58:54,-07:00,2025-04-18T20:58:54-07:00,0,0
global.js,48,js,7dd2b34d,j2nnifer,2025-04-18,20:58:54,-07:00,2025-04-18T20:58:54-07:00,0,18
global.js,49,js,7dd2b34d,j2nnifer,2025-04-18,20:58:54,-07:00,2025-04-18T20:58:54-07:00,0,0
global.js,50,js,7dd2b34d,j2nnifer,2025-04-18,20:58:54,-07:00,2025-04-18T20:58:54-07:00,0,0
global.js,51,js,7dd2b34d,j2nnifer,2025-04-18,20:58:54,-07:00,2025-04-18T20:58:54-07:00,0,26
global.js,52,js,7dd2b34d,j2nnifer,2025-04-18,20:58:54,-07:00,2025-04-18T20:58:54-07:00,0,0
global.js,53,js,7dd2b34d,j2nnifer,2025-04-18,20:58:54,-07:00,2025-04-18T20:58:54-07:00,0,0
global.js,54,js,7dd2b34d,j2nnifer,2025-04-18,20:58:54,-07:00,2025-04-18T20:58:54-07:00,0,35
global.js,55,js,7dd2b34d,j2nnifer,2025-04-18,20:58:54,-07:00,2025-04-18T20:58:54-07:00,0,77
global.js,56,js,7dd2b34d,j2nnifer,2025-04-18,20:58:54,-07:00,2025-04-18T20:58:54-07:00,0,0
global.js,57,js,7dd2b34d,j2nnifer,2025-04-18,20:58:54,-07:00,2025-04-18T20:58:54-07:00,0,32
global.js,58,js,7dd2b34d,j2nnifer,2025-04-18,20:58:54,-07:00,2025-04-18T20:58:54-07:00,0,12
global.js,59,js,7dd2b34d,j2nnifer,2025-04-18,20:58:54,-07:00,2025-04-18T20:58:54-07:00,0,0
global.js,60,js,7dd2b34d,j2nnifer,2025-04-18,20:58:54,-07:00,2025-04-18T20:58:54-07:00,0,27
global.js,61,js,7dd2b34d,j2nnifer,2025-04-18,20:58:54,-07:00,2025-04-18T20:58:54-07:00,0,5
global.js,62,js,7dd2b34d,j2nnifer,2025-04-18,20:58:54,-07:00,2025-04-18T20:58:54-07:00,0,7
global.js,63,js,7dd2b34d,j2nnifer,2025-04-18,20:58:54,-07:00,2025-04-18T20:58:54-07:00,0,83
global.js,64,js,7dd2b34d,j2nnifer,2025-04-18,20:58:54,-07:00,2025-04-18T20:58:54-07:00,0,35
global.js,65,js,7dd2b34d,j2nnifer,2025-04-18,20:58:54,-07:00,2025-04-18T20:58:54-07:00,0,33
global.js,66,js,7dd2b34d,j2nnifer,2025-04-18,20:58:54,-07:00,2025-04-18T20:58:54-07:00,0,8
global.js,67,js,7dd2b34d,j2nnifer,2025-04-18,20:58:54,-07:00,2025-04-18T20:58:54-07:00,0,7
global.js,68,js,7dd2b34d,j2nnifer,2025-04-18,20:58:54,-07:00,2025-04-18T20:58:54-07:00,0,0
global.js,69,js,7dd2b34d,j2nnifer,2025-04-18,20:58:54,-07:00,2025-04-18T20:58:54-07:00,0,1
global.js,70,js,7dd2b34d,j2nnifer,2025-04-18,20:58:54,-07:00,2025-04-18T20:58:54-07:00,0,0
global.js,71,js,7dd2b34d,j2nnifer,2025-04-18,20:58:54,-07:00,2025-04-18T20:58:54-07:00,0,61
global.js,72,js,7dd2b34d,j2nnifer,2025-04-18,20:58:54,-07:00,2025-04-18T20:58:54-07:00,0,0
global.js,73,js,7dd2b34d,j2nnifer,2025-04-18,20:58:54,-07:00,2025-04-18T20:58:54-07:00,0,37
global.js,74,js,7dd2b34d,j2nnifer,2025-04-18,20:58:54,-07:00,2025-04-18T20:58:54-07:00,0,71
global.js,75,js,7dd2b34d,j2nnifer,2025-04-18,20:58:54,-07:00,2025-04-18T20:58:54-07:00,0,0
global.js,76,js,7dd2b34d,j2nnifer,2025-04-18,20:58:54,-07:00,2025-04-18T20:58:54-07:00,0,0
global.js,77,js,7dd2b34d,j2nnifer,2025-04-18,20:58:54,-07:00,2025-04-18T20:58:54-07:00,0,49
global.js,78,js,7dd2b34d,j2nnifer,2025-04-18,20:58:54,-07:00,2025-04-18T20:58:54-07:00,0,38
global.js,79,js,7dd2b34d,j2nnifer,2025-04-18,20:58:54,-07:00,2025-04-18T20:58:54-07:00,0,27
global.js,80,js,7dd2b34d,j2nnifer,2025-04-18,20:58:54,-07:00,2025-04-18T20:58:54-07:00,0,0
global.js,81,js,7dd2b34d,j2nnifer,2025-04-18,20:58:54,-07:00,2025-04-18T20:58:54-07:00,0,38
global.js,82,js,7dd2b34d,j2nnifer,2025-04-18,20:58:54,-07:00,2025-04-18T20:58:54-07:00,0,2
global.js,83,js,7dd2b34d,j2nnifer,2025-04-18,20:58:54,-07:00,2025-04-18T20:58:54-07:00,0,0
global.js,84,js,7dd2b34d,j2nnifer,2025-04-18,20:58:54,-07:00,2025-04-18T20:58:54-07:00,0,35
global.js,85,js,7dd2b34d,j2nnifer,2025-04-18,20:58:54,-07:00,2025-04-18T20:58:54-07:00,0,49
global.js,86,js,7dd2b34d,j2nnifer,2025-04-18,20:58:54,-07:00,2025-04-18T20:58:54-07:00,0,32
global.js,87,js,7dd2b34d,j2nnifer,2025-04-18,20:58:54,-07:00,2025-04-18T20:58:54-07:00,0,31
global.js,88,js,7dd2b34d,j2nnifer,2025-04-18,20:58:54,-07:00,2025-04-18T20:58:54-07:00,0,0
global.js,89,js,7dd2b34d,j2nnifer,2025-04-18,20:58:54,-07:00,2025-04-18T20:58:54-07:00,0,0
global.js,90,js,7dd2b34d,j2nnifer,2025-04-18,20:58:54,-07:00,2025-04-18T20:58:54-07:00,0,0
global.js,91,js,7dd2b34d,j2nnifer,2025-04-18,20:58:54,-07:00,2025-04-18T20:58:54-07:00,0,57
global.js,92,js,7dd2b34d,j2nnifer,2025-04-18,20:58:54,-07:00,2025-04-18T20:58:54-07:00,0,18
global.js,93,js,7dd2b34d,j2nnifer,2025-04-18,20:58:54,-07:00,2025-04-18T20:58:54-07:00,0,25
global.js,94,js,12761cf0,j2nnifer,2025-04-25,16:35:37,-07:00,2025-04-25T16:35:37-07:00,0,2
global.js,95,js,12761cf0,j2nnifer,2025-04-25,16:35:37,-07:00,2025-04-25T16:35:37-07:00,0,0
global.js,96,js,12761cf0,j2nnifer,2025-04-25,16:35:37,-07:00,2025-04-25T16:35:37-07:00,0,0
global.js,97,js,12761cf0,j2nnifer,2025-04-25,16:35:37,-07:00,2025-04-25T16:35:37-07:00,0,37
global.js,98,js,69bf9361,j2nnifer,2025-04-25,17:43:22,-07:00,2025-04-25T17:43:22-07:00,0,0
global.js,99,js,69bf9361,j2nnifer,2025-04-25,17:43:22,-07:00,2025-04-25T17:43:22-07:00,0,33
global.js,100,js,69bf9361,j2nnifer,2025-04-25,17:43:22,-07:00,2025-04-25T17:43:22-07:00,0,34
global.js,101,js,69bf9361,j2nnifer,2025-04-25,17:43:22,-07:00,2025-04-25T17:43:22-07:00,0,11
global.js,102,js,12761cf0,j2nnifer,2025-04-25,16:35:37,-07:00,2025-04-25T16:35:37-07:00,0,0
global.js,103,js,12761cf0,j2nnifer,2025-04-25,16:35:37,-07:00,2025-04-25T16:35:37-07:00,0,0
global.js,104,js,8bda2dfd,j2nnifer,2025-04-25,17:37:33,-07:00,2025-04-25T17:37:33-07:00,0,48
global.js,105,js,c5ecc5d1,j2nnifer,2025-04-25,17:36:44,-07:00,2025-04-25T17:36:44-07:00,0,23
global.js,106,js,c5ecc5d1,j2nnifer,2025-04-25,17:36:44,-07:00,2025-04-25T17:36:44-07:00,0,60
global.js,107,js,c5ecc5d1,j2nnifer,2025-04-25,17:36:44,-07:00,2025-04-25T17:36:44-07:00,0,0
global.js,108,js,c5ecc5d1,j2nnifer,2025-04-25,17:36:44,-07:00,2025-04-25T17:36:44-07:00,0,0
global.js,109,js,12761cf0,j2nnifer,2025-04-25,16:35:37,-07:00,2025-04-25T16:35:37-07:00,0,79
global.js,110,js,12761cf0,j2nnifer,2025-04-25,16:35:37,-07:00,2025-04-25T16:35:37-07:00,0,31
global.js,111,js,12761cf0,j2nnifer,2025-04-25,16:35:37,-07:00,2025-04-25T16:35:37-07:00,0,0
global.js,112,js,188cbf38,j2nnifer,2025-04-25,17:49:02,-07:00,2025-04-25T17:49:02-07:00,0,21
global.js,113,js,12761cf0,j2nnifer,2025-04-25,16:35:37,-07:00,2025-04-25T16:35:37-07:00,0,48
global.js,114,js,12761cf0,j2nnifer,2025-04-25,16:35:37,-07:00,2025-04-25T16:35:37-07:00,0,0
global.js,115,js,12761cf0,j2nnifer,2025-04-25,16:35:37,-07:00,2025-04-25T16:35:37-07:00,0,20
global.js,116,js,188cbf38,j2nnifer,2025-04-25,17:49:02,-07:00,2025-04-25T17:49:02-07:00,0,18
global.js,117,js,188cbf38,j2nnifer,2025-04-25,17:49:02,-07:00,2025-04-25T17:49:02-07:00,0,38
global.js,118,js,188cbf38,j2nnifer,2025-04-25,17:49:02,-07:00,2025-04-25T17:49:02-07:00,0,22
global.js,119,js,b4f0d625,j2nnifer,2025-04-25,17:18:01,-07:00,2025-04-25T17:18:01-07:00,0,1
global.js,120,js,b4f0d625,j2nnifer,2025-04-25,17:18:01,-07:00,2025-04-25T17:18:01-07:00,0,0
global.js,121,js,b4f0d625,j2nnifer,2025-04-25,17:18:01,-07:00,2025-04-25T17:18:01-07:00,0,37
global.js,122,js,12761cf0,j2nnifer,2025-04-25,16:35:37,-07:00,2025-04-25T16:35:37-07:00,0,0
global.js,123,js,12761cf0,j2nnifer,2025-04-25,16:35:37,-07:00,2025-04-25T16:35:37-07:00,0,2
global.js,124,js,12761cf0,j2nnifer,2025-04-25,16:35:37,-07:00,2025-04-25T16:35:37-07:00,0,0
global.js,125,js,12761cf0,j2nnifer,2025-04-25,16:35:37,-07:00,2025-04-25T16:35:37-07:00,0,0
global.js,126,js,12761cf0,j2nnifer,2025-04-25,16:35:37,-07:00,2025-04-25T16:35:37-07:00,0,0
resume\index.html,1,html,53c6a65d,j2nnifer,2025-04-04,19:49:23,-07:00,2025-04-04T19:49:23-07:00,0,14
resume\index.html,2,html,53c6a65d,j2nnifer,2025-04-04,19:49:23,-07:00,2025-04-04T19:49:23-07:00,0,15
resume\index.html,3,html,53c6a65d,j2nnifer,2025-04-04,19:49:23,-07:00,2025-04-04T19:49:23-07:00,0,5
resume\index.html,4,html,53c6a65d,j2nnifer,2025-04-04,19:49:23,-07:00,2025-04-04T19:49:23-07:00,0,21
resume\index.html,5,html,53c6a65d,j2nnifer,2025-04-04,19:49:23,-07:00,2025-04-04T19:49:23-07:00,0,69
resume\index.html,6,html,53c6a65d,j2nnifer,2025-04-04,19:49:23,-07:00,2025-04-04T19:49:23-07:00,0,0
resume\index.html,7,html,6f044660,j2nnifer,2025-04-11,21:41:24,-07:00,2025-04-11T21:41:24-07:00,0,20
resume\index.html,8,html,5f9d1929,j2nnifer,2025-04-11,12:09:19,-07:00,2025-04-11T12:09:19-07:00,0,42
resume\index.html,9,html,7dd2b34d,j2nnifer,2025-04-18,20:58:54,-07:00,2025-04-18T20:58:54-07:00,0,49
resume\index.html,10,html,53c6a65d,j2nnifer,2025-04-04,19:49:23,-07:00,2025-04-04T19:49:23-07:00,0,6
resume\index.html,11,html,53c6a65d,j2nnifer,2025-04-04,19:49:23,-07:00,2025-04-04T19:49:23-07:00,0,5
resume\index.html,12,html,53c6a65d,j2nnifer,2025-04-04,19:49:23,-07:00,2025-04-04T19:49:23-07:00,0,0
resume\index.html,13,html,6f044660,j2nnifer,2025-04-11,21:41:24,-07:00,2025-04-11T21:41:24-07:00,0,19
resume\index.html,14,html,6f044660,j2nnifer,2025-04-11,21:41:24,-07:00,2025-04-11T21:41:24-07:00,0,0
resume\index.html,15,html,53c6a65d,j2nnifer,2025-04-04,19:49:23,-07:00,2025-04-04T19:49:23-07:00,0,7
resume\index.html,16,html,53c6a65d,j2nnifer,2025-04-04,19:49:23,-07:00,2025-04-04T19:49:23-07:00,0,21
resume\index.html,17,html,53c6a65d,j2nnifer,2025-04-04,19:49:23,-07:00,2025-04-04T19:49:23-07:00,0,59
resume\index.html,18,html,53c6a65d,j2nnifer,2025-04-04,19:49:23,-07:00,2025-04-04T19:49:23-07:00,0,51
resume\index.html,19,html,53c6a65d,j2nnifer,2025-04-04,19:49:23,-07:00,2025-04-04T19:49:23-07:00,0,0
resume\index.html,20,html,53c6a65d,j2nnifer,2025-04-04,19:49:23,-07:00,2025-04-04T19:49:23-07:00,0,8
resume\index.html,21,html,53c6a65d,j2nnifer,2025-04-04,19:49:23,-07:00,2025-04-04T19:49:23-07:00,0,0
resume\index.html,22,html,53c6a65d,j2nnifer,2025-04-04,19:49:23,-07:00,2025-04-04T19:49:23-07:00,0,8
resume\index.html,23,html,53c6a65d,j2nnifer,2025-04-04,19:49:23,-07:00,2025-04-04T19:49:23-07:00,0,17
resume\index.html,24,html,53c6a65d,j2nnifer,2025-04-04,19:49:23,-07:00,2025-04-04T19:49:23-07:00,0,8
resume\index.html,25,html,53c6a65d,j2nnifer,2025-04-04,19:49:23,-07:00,2025-04-04T19:49:23-07:00,0,43
resume\index.html,26,html,53c6a65d,j2nnifer,2025-04-04,19:49:23,-07:00,2025-04-04T19:49:23-07:00,0,38
resume\index.html,27,html,53c6a65d,j2nnifer,2025-04-04,19:49:23,-07:00,2025-04-04T19:49:23-07:00,0,53
resume\index.html,28,html,53c6a65d,j2nnifer,2025-04-04,19:49:23,-07:00,2025-04-04T19:49:23-07:00,0,78
resume\index.html,29,html,53c6a65d,j2nnifer,2025-04-04,19:49:23,-07:00,2025-04-04T19:49:23-07:00,0,9
resume\index.html,30,html,53c6a65d,j2nnifer,2025-04-04,19:49:23,-07:00,2025-04-04T19:49:23-07:00,0,0
resume\index.html,31,html,53c6a65d,j2nnifer,2025-04-04,19:49:23,-07:00,2025-04-04T19:49:23-07:00,0,0
resume\index.html,32,html,53c6a65d,j2nnifer,2025-04-04,19:49:23,-07:00,2025-04-04T19:49:23-07:00,0,9
resume\index.html,33,html,53c6a65d,j2nnifer,2025-04-04,19:49:23,-07:00,2025-04-04T19:49:23-07:00,0,0
resume\index.html,34,html,53c6a65d,j2nnifer,2025-04-04,19:49:23,-07:00,2025-04-04T19:49:23-07:00,0,8
resume\index.html,35,html,53c6a65d,j2nnifer,2025-04-04,19:49:23,-07:00,2025-04-04T19:49:23-07:00,0,18
resume\index.html,36,html,53c6a65d,j2nnifer,2025-04-04,19:49:23,-07:00,2025-04-04T19:49:23-07:00,0,8
resume\index.html,37,html,53c6a65d,j2nnifer,2025-04-04,19:49:23,-07:00,2025-04-04T19:49:23-07:00,0,58
resume\index.html,38,html,53c6a65d,j2nnifer,2025-04-04,19:49:23,-07:00,2025-04-04T19:49:23-07:00,0,53
resume\index.html,39,html,53c6a65d,j2nnifer,2025-04-04,19:49:23,-07:00,2025-04-04T19:49:23-07:00,0,3
resume\index.html,40,html,53c6a65d,j2nnifer,2025-04-04,19:49:23,-07:00,2025-04-04T19:49:23-07:00,0,63
resume\index.html,41,html,53c6a65d,j2nnifer,2025-04-04,19:49:23,-07:00,2025-04-04T19:49:23-07:00,0,55
resume\index.html,42,html,53c6a65d,j2nnifer,2025-04-04,19:49:23,-07:00,2025-04-04T19:49:23-07:00,0,44
resume\index.html,43,html,53c6a65d,j2nnifer,2025-04-04,19:49:23,-07:00,2025-04-04T19:49:23-07:00,0,4
resume\index.html,44,html,53c6a65d,j2nnifer,2025-04-04,19:49:23,-07:00,2025-04-04T19:49:23-07:00,0,9
resume\index.html,45,html,53c6a65d,j2nnifer,2025-04-04,19:49:23,-07:00,2025-04-04T19:49:23-07:00,0,0
resume\index.html,46,html,53c6a65d,j2nnifer,2025-04-04,19:49:23,-07:00,2025-04-04T19:49:23-07:00,0,8
resume\index.html,47,html,53c6a65d,j2nnifer,2025-04-04,19:49:23,-07:00,2025-04-04T19:49:23-07:00,0,47
resume\index.html,48,html,53c6a65d,j2nnifer,2025-04-04,19:49:23,-07:00,2025-04-04T19:49:23-07:00,0,48
resume\index.html,49,html,53c6a65d,j2nnifer,2025-04-04,19:49:23,-07:00,2025-04-04T19:49:23-07:00,0,3
resume\index.html,50,html,53c6a65d,j2nnifer,2025-04-04,19:49:23,-07:00,2025-04-04T19:49:23-07:00,0,48
resume\index.html,51,html,53c6a65d,j2nnifer,2025-04-04,19:49:23,-07:00,2025-04-04T19:49:23-07:00,0,51
resume\index.html,52,html,53c6a65d,j2nnifer,2025-04-04,19:49:23,-07:00,2025-04-04T19:49:23-07:00,0,47
resume\index.html,53,html,53c6a65d,j2nnifer,2025-04-04,19:49:23,-07:00,2025-04-04T19:49:23-07:00,0,4
resume\index.html,54,html,53c6a65d,j2nnifer,2025-04-04,19:49:23,-07:00,2025-04-04T19:49:23-07:00,0,9
resume\index.html,55,html,53c6a65d,j2nnifer,2025-04-04,19:49:23,-07:00,2025-04-04T19:49:23-07:00,0,9
resume\index.html,56,html,53c6a65d,j2nnifer,2025-04-04,19:49:23,-07:00,2025-04-04T19:49:23-07:00,0,0
resume\index.html,57,html,53c6a65d,j2nnifer,2025-04-04,19:49:23,-07:00,2025-04-04T19:49:23-07:00,0,0
resume\index.html,58,html,53c6a65d,j2nnifer,2025-04-04,19:49:23,-07:00,2025-04-04T19:49:23-07:00,0,0
resume\index.html,59,html,53c6a65d,j2nnifer,2025-04-04,19:49:23,-07:00,2025-04-04T19:49:23-07:00,0,6
resume\index.html,60,html,53c6a65d,j2nnifer,2025-04-04,19:49:23,-07:00,2025-04-04T19:49:23-07:00,0,6
projects\projects.js,1,js,f8bf2013,j2nnifer,2025-04-25,17:05:35,-07:00,2025-04-25T17:05:35-07:00,0,56
projects\projects.js,2,js,f93ecf18,j2nnifer,2025-05-07,23:59:59,-07:00,2025-05-07T23:59:59-07:00,0,64
projects\projects.js,3,js,f93ecf18,j2nnifer,2025-05-07,23:59:59,-07:00,2025-05-07T23:59:59-07:00,0,0
projects\projects.js,4,js,b273a525,j2nnifer,2025-05-08,00:54:51,-07:00,2025-05-08T00:54:51-07:00,0,58
projects\projects.js,5,js,bd7bdc51,j2nnifer,2025-05-08,19:30:41,-07:00,2025-05-08T19:30:41-07:00,0,25
projects\projects.js,6,js,349acd84,j2nnifer,2025-05-08,20:24:08,-07:00,2025-05-08T20:24:08-07:00,0,22
projects\projects.js,7,js,00c3f580,j2nnifer,2025-05-08,20:25:23,-07:00,2025-05-08T20:25:23-07:00,0,20
projects\projects.js,8,js,13bf46de,j2nnifer,2025-05-08,20:28:48,-07:00,2025-05-08T20:28:48-07:00,0,43
projects\projects.js,9,js,b3e6aa1d,j2nnifer,2025-04-25,17:22:32,-07:00,2025-04-25T17:22:32-07:00,0,0
projects\projects.js,10,js,f8bf2013,j2nnifer,2025-04-25,17:05:35,-07:00,2025-04-25T17:05:35-07:00,0,61
projects\projects.js,11,js,bd7bdc51,j2nnifer,2025-05-08,19:30:41,-07:00,2025-05-08T19:30:41-07:00,0,28
projects\projects.js,12,js,bd7bdc51,j2nnifer,2025-05-08,19:30:41,-07:00,2025-05-08T19:30:41-07:00,0,35
projects\projects.js,13,js,bd7bdc51,j2nnifer,2025-05-08,19:30:41,-07:00,2025-05-08T19:30:41-07:00,0,50
projects\projects.js,14,js,bd7bdc51,j2nnifer,2025-05-08,19:30:41,-07:00,2025-05-08T19:30:41-07:00,0,0
projects\projects.js,15,js,13bf46de,j2nnifer,2025-05-08,20:28:48,-07:00,2025-05-08T20:28:48-07:00,0,26
projects\projects.js,16,js,bd7bdc51,j2nnifer,2025-05-08,19:30:41,-07:00,2025-05-08T19:30:41-07:00,0,27
projects\projects.js,17,js,bd7bdc51,j2nnifer,2025-05-08,19:30:41,-07:00,2025-05-08T19:30:41-07:00,0,30
projects\projects.js,18,js,bd7bdc51,j2nnifer,2025-05-08,19:30:41,-07:00,2025-05-08T19:30:41-07:00,0,0
projects\projects.js,19,js,13bf46de,j2nnifer,2025-05-08,20:28:48,-07:00,2025-05-08T20:28:48-07:00,0,67
projects\projects.js,20,js,13bf46de,j2nnifer,2025-05-08,20:28:48,-07:00,2025-05-08T20:28:48-07:00,0,76
projects\projects.js,21,js,bd7bdc51,j2nnifer,2025-05-08,19:30:41,-07:00,2025-05-08T19:30:41-07:00,0,0
projects\projects.js,22,js,0d10bde4,j2nnifer,2025-05-08,20:09:17,-07:00,2025-05-08T20:09:17-07:00,0,40
projects\projects.js,23,js,13bf46de,j2nnifer,2025-05-08,20:28:48,-07:00,2025-05-08T20:28:48-07:00,0,28
projects\projects.js,24,js,0d10bde4,j2nnifer,2025-05-08,20:09:17,-07:00,2025-05-08T20:09:17-07:00,0,51
projects\projects.js,25,js,bd7bdc51,j2nnifer,2025-05-08,19:30:41,-07:00,2025-05-08T19:30:41-07:00,0,0
projects\projects.js,26,js,bd7bdc51,j2nnifer,2025-05-08,19:30:41,-07:00,2025-05-08T19:30:41-07:00,0,20
projects\projects.js,27,js,0d10bde4,j2nnifer,2025-05-08,20:09:17,-07:00,2025-05-08T20:09:17-07:00,0,13
projects\projects.js,28,js,349acd84,j2nnifer,2025-05-08,20:24:08,-07:00,2025-05-08T20:24:08-07:00,0,12
projects\projects.js,29,js,0d10bde4,j2nnifer,2025-05-08,20:09:17,-07:00,2025-05-08T20:09:17-07:00,0,14
projects\projects.js,30,js,56cbbdf7,j2nnifer,2025-05-08,19:56:16,-07:00,2025-05-08T19:56:16-07:00,0,33
projects\projects.js,31,js,0d10bde4,j2nnifer,2025-05-08,20:09:17,-07:00,2025-05-08T20:09:17-07:00,0,64
projects\projects.js,32,js,349acd84,j2nnifer,2025-05-08,20:24:08,-07:00,2025-05-08T20:24:08-07:00,0,26
projects\projects.js,33,js,349acd84,j2nnifer,2025-05-08,20:24:08,-07:00,2025-05-08T20:24:08-07:00,0,83
projects\projects.js,34,js,349acd84,j2nnifer,2025-05-08,20:24:08,-07:00,2025-05-08T20:24:08-07:00,0,33
projects\projects.js,35,js,349acd84,j2nnifer,2025-05-08,20:24:08,-07:00,2025-05-08T20:24:08-07:00,0,28
projects\projects.js,36,js,349acd84,j2nnifer,2025-05-08,20:24:08,-07:00,2025-05-08T20:24:08-07:00,0,44
projects\projects.js,37,js,13bf46de,j2nnifer,2025-05-08,20:28:48,-07:00,2025-05-08T20:28:48-07:00,0,14
projects\projects.js,38,js,00c3f580,j2nnifer,2025-05-08,20:25:23,-07:00,2025-05-08T20:25:23-07:00,0,24
projects\projects.js,39,js,349acd84,j2nnifer,2025-05-08,20:24:08,-07:00,2025-05-08T20:24:08-07:00,0,2
projects\projects.js,40,js,0d10bde4,j2nnifer,2025-05-08,20:09:17,-07:00,2025-05-08T20:09:17-07:00,0,0
projects\projects.js,41,js,22900cd3,j2nnifer,2025-05-08,20:15:33,-07:00,2025-05-08T20:15:33-07:00,0,21
projects\projects.js,42,js,13bf46de,j2nnifer,2025-05-08,20:28:48,-07:00,2025-05-08T20:28:48-07:00,0,13
projects\projects.js,43,js,349acd84,j2nnifer,2025-05-08,20:24:08,-07:00,2025-05-08T20:24:08-07:00,0,10
projects\projects.js,44,js,f21196a2,j2nnifer,2025-05-08,20:19:19,-07:00,2025-05-08T20:19:19-07:00,0,47
projects\projects.js,45,js,f21196a2,j2nnifer,2025-05-08,20:19:19,-07:00,2025-05-08T20:19:19-07:00,0,74
projects\projects.js,46,js,349acd84,j2nnifer,2025-05-08,20:24:08,-07:00,2025-05-08T20:24:08-07:00,0,64
projects\projects.js,47,js,349acd84,j2nnifer,2025-05-08,20:24:08,-07:00,2025-05-08T20:24:08-07:00,0,23
projects\projects.js,48,js,13bf46de,j2nnifer,2025-05-08,20:28:48,-07:00,2025-05-08T20:28:48-07:00,0,59
projects\projects.js,49,js,f21196a2,j2nnifer,2025-05-08,20:19:19,-07:00,2025-05-08T20:19:19-07:00,0,44
projects\projects.js,50,js,13bf46de,j2nnifer,2025-05-08,20:28:48,-07:00,2025-05-08T20:28:48-07:00,0,14
projects\projects.js,51,js,00c3f580,j2nnifer,2025-05-08,20:25:23,-07:00,2025-05-08T20:25:23-07:00,0,24
projects\projects.js,52,js,f21196a2,j2nnifer,2025-05-08,20:19:19,-07:00,2025-05-08T20:19:19-07:00,0,2
projects\projects.js,53,js,56cbbdf7,j2nnifer,2025-05-08,19:56:16,-07:00,2025-05-08T19:56:16-07:00,0,0
projects\projects.js,54,js,13bf46de,j2nnifer,2025-05-08,20:28:48,-07:00,2025-05-08T20:28:48-07:00,0,14
projects\projects.js,55,js,56cbbdf7,j2nnifer,2025-05-08,19:56:16,-07:00,2025-05-08T19:56:16-07:00,0,0
projects\projects.js,56,js,56cbbdf7,j2nnifer,2025-05-08,19:56:16,-07:00,2025-05-08T19:56:16-07:00,0,0
projects\projects.js,57,js,13bf46de,j2nnifer,2025-05-08,20:28:48,-07:00,2025-05-08T20:28:48-07:00,0,24
projects\projects.js,58,js,56cbbdf7,j2nnifer,2025-05-08,19:56:16,-07:00,2025-05-08T19:56:16-07:00,0,20
projects\projects.js,59,js,0d10bde4,j2nnifer,2025-05-08,20:09:17,-07:00,2025-05-08T20:09:17-07:00,0,64
projects\projects.js,60,js,0d10bde4,j2nnifer,2025-05-08,20:09:17,-07:00,2025-05-08T20:09:17-07:00,0,84
projects\projects.js,61,js,56cbbdf7,j2nnifer,2025-05-08,19:56:16,-07:00,2025-05-08T19:56:16-07:00,0,0
projects\projects.js,62,js,56cbbdf7,j2nnifer,2025-05-08,19:56:16,-07:00,2025-05-08T19:56:16-07:00,0,21
projects\projects.js,63,js,56cbbdf7,j2nnifer,2025-05-08,19:56:16,-07:00,2025-05-08T19:56:16-07:00,0,65
projects\projects.js,64,js,bd7bdc51,j2nnifer,2025-05-08,19:30:41,-07:00,2025-05-08T19:30:41-07:00,0,0
projects\projects.js,65,js,39535a24,j2nnifer,2025-05-08,00:28:51,-07:00,2025-05-08T00:28:51-07:00,0,0
projects\projects.js,66,js,00c3f580,j2nnifer,2025-05-08,20:25:23,-07:00,2025-05-08T20:25:23-07:00,0,34
projects\projects.js,67,js,13bf46de,j2nnifer,2025-05-08,20:28:48,-07:00,2025-05-08T20:28:48-07:00,0,79
projects\projects.js,68,js,00c3f580,j2nnifer,2025-05-08,20:25:23,-07:00,2025-05-08T20:25:23-07:00,0,0
projects\projects.js,69,js,00c3f580,j2nnifer,2025-05-08,20:25:23,-07:00,2025-05-08T20:25:23-07:00,0,52
projects\projects.js,70,js,13bf46de,j2nnifer,2025-05-08,20:28:48,-07:00,2025-05-08T20:28:48-07:00,0,105
projects\projects.js,71,js,00c3f580,j2nnifer,2025-05-08,20:25:23,-07:00,2025-05-08T20:25:23-07:00,0,71
projects\projects.js,72,js,13bf46de,j2nnifer,2025-05-08,20:28:48,-07:00,2025-05-08T20:28:48-07:00,0,35
projects\projects.js,73,js,00c3f580,j2nnifer,2025-05-08,20:25:23,-07:00,2025-05-08T20:25:23-07:00,0,2
projects\projects.js,74,js,00c3f580,j2nnifer,2025-05-08,20:25:23,-07:00,2025-05-08T20:25:23-07:00,0,0
projects\projects.js,75,js,00c3f580,j2nnifer,2025-05-08,20:25:23,-07:00,2025-05-08T20:25:23-07:00,0,57
projects\projects.js,76,js,00c3f580,j2nnifer,2025-05-08,20:25:23,-07:00,2025-05-08T20:25:23-07:00,0,0
projects\projects.js,77,js,00c3f580,j2nnifer,2025-05-08,20:25:23,-07:00,2025-05-08T20:25:23-07:00,0,0
projects\projects.js,78,js,13bf46de,j2nnifer,2025-05-08,20:28:48,-07:00,2025-05-08T20:28:48-07:00,0,16
projects\projects.js,79,js,bd7bdc51,j2nnifer,2025-05-08,19:30:41,-07:00,2025-05-08T19:30:41-07:00,0,49
projects\projects.js,80,js,13bf46de,j2nnifer,2025-05-08,20:28:48,-07:00,2025-05-08T20:28:48-07:00,0,16
projects\projects.js,81,js,bd7bdc51,j2nnifer,2025-05-08,19:30:41,-07:00,2025-05-08T19:30:41-07:00,0,0
projects\projects.js,82,js,13bf46de,j2nnifer,2025-05-08,20:28:48,-07:00,2025-05-08T20:28:48-07:00,0,21
projects\projects.js,83,js,00c3f580,j2nnifer,2025-05-08,20:25:23,-07:00,2025-05-08T20:25:23-07:00,0,74
projects\projects.js,84,js,00c3f580,j2nnifer,2025-05-08,20:25:23,-07:00,2025-05-08T20:25:23-07:00,0,32
projects\projects.js,85,js,13bf46de,j2nnifer,2025-05-08,20:28:48,-07:00,2025-05-08T20:28:48-07:00,0,24
projects\projects.js,86,js,14062b92,j2nnifer,2025-05-08,00:35:49,-07:00,2025-05-08T00:35:49-07:00,0,2
projects\index.html,1,html,53c6a65d,j2nnifer,2025-04-04,19:49:23,-07:00,2025-04-04T19:49:23-07:00,0,14
projects\index.html,2,html,53c6a65d,j2nnifer,2025-04-04,19:49:23,-07:00,2025-04-04T19:49:23-07:00,0,5
projects\index.html,3,html,53c6a65d,j2nnifer,2025-04-04,19:49:23,-07:00,2025-04-04T19:49:23-07:00,0,5
projects\index.html,4,html,6f044660,j2nnifer,2025-04-11,21:41:24,-07:00,2025-04-11T21:41:24-07:00,0,23
projects\index.html,5,html,5f9d1929,j2nnifer,2025-04-11,12:09:19,-07:00,2025-04-11T12:09:19-07:00,0,42
projects\index.html,6,html,dddba671,j2nnifer,2025-05-08,00:39:06,-07:00,2025-05-08T00:39:06-07:00,0,69
projects\index.html,7,html,e2217250,j2nnifer,2025-04-25,16:45:12,-07:00,2025-04-25T16:45:12-07:00,0,49
projects\index.html,8,html,e2217250,j2nnifer,2025-04-25,16:45:12,-07:00,2025-04-25T16:45:12-07:00,0,48
projects\index.html,9,html,e2217250,j2nnifer,2025-04-25,16:45:12,-07:00,2025-04-25T16:45:12-07:00,0,0
projects\index.html,10,html,53c6a65d,j2nnifer,2025-04-04,19:49:23,-07:00,2025-04-04T19:49:23-07:00,0,6
projects\index.html,11,html,53c6a65d,j2nnifer,2025-04-04,19:49:23,-07:00,2025-04-04T19:49:23-07:00,0,5
projects\index.html,12,html,53c6a65d,j2nnifer,2025-04-04,19:49:23,-07:00,2025-04-04T19:49:23-07:00,0,3
projects\index.html,13,html,53c6a65d,j2nnifer,2025-04-04,19:49:23,-07:00,2025-04-04T19:49:23-07:00,0,7
projects\index.html,14,html,53c6a65d,j2nnifer,2025-04-04,19:49:23,-07:00,2025-04-04T19:49:23-07:00,0,4
projects\index.html,15,html,7aa4af06,j2nnifer,2025-05-08,01:27:48,-07:00,2025-05-08T01:27:48-07:00,0,0
projects\index.html,16,html,576311ee,j2nnifer,2025-05-08,01:16:05,-07:00,2025-05-08T01:16:05-07:00,0,24
projects\index.html,17,html,576311ee,j2nnifer,2025-05-08,01:16:05,-07:00,2025-05-08T01:16:05-07:00,0,59
projects\index.html,18,html,576311ee,j2nnifer,2025-05-08,01:16:05,-07:00,2025-05-08T01:16:05-07:00,0,23
projects\index.html,19,html,576311ee,j2nnifer,2025-05-08,01:16:05,-07:00,2025-05-08T01:16:05-07:00,0,5
projects\index.html,20,html,7aa4af06,j2nnifer,2025-05-08,01:27:48,-07:00,2025-05-08T01:27:48-07:00,0,0
projects\index.html,21,html,bd7bdc51,j2nnifer,2025-05-08,19:30:41,-07:00,2025-05-08T19:30:41-07:00,0,5
projects\index.html,22,html,bd7bdc51,j2nnifer,2025-05-08,19:30:41,-07:00,2025-05-08T19:30:41-07:00,0,16
projects\index.html,23,html,bd7bdc51,j2nnifer,2025-05-08,19:30:41,-07:00,2025-05-08T19:30:41-07:00,0,12
projects\index.html,24,html,bd7bdc51,j2nnifer,2025-05-08,19:30:41,-07:00,2025-05-08T19:30:41-07:00,0,27
projects\index.html,25,html,bd7bdc51,j2nnifer,2025-05-08,19:30:41,-07:00,2025-05-08T19:30:41-07:00,0,32
projects\index.html,26,html,bd7bdc51,j2nnifer,2025-05-08,19:30:41,-07:00,2025-05-08T19:30:41-07:00,0,1
projects\index.html,27,html,bd7bdc51,j2nnifer,2025-05-08,19:30:41,-07:00,2025-05-08T19:30:41-07:00,0,0
projects\index.html,28,html,7aa4af06,j2nnifer,2025-05-08,01:27:48,-07:00,2025-05-08T01:27:48-07:00,0,0
projects\index.html,29,html,5f9d1929,j2nnifer,2025-04-11,12:09:19,-07:00,2025-04-11T12:09:19-07:00,0,21
projects\index.html,30,html,576311ee,j2nnifer,2025-05-08,01:16:05,-07:00,2025-05-08T01:16:05-07:00,0,0
projects\index.html,31,html,5f9d1929,j2nnifer,2025-04-11,12:09:19,-07:00,2025-04-11T12:09:19-07:00,0,5
projects\index.html,32,html,53c6a65d,j2nnifer,2025-04-04,19:49:23,-07:00,2025-04-04T19:49:23-07:00,0,0
projects\index.html,33,html,53c6a65d,j2nnifer,2025-04-04,19:49:23,-07:00,2025-04-04T19:49:23-07:00,0,0
projects\index.html,34,html,53c6a65d,j2nnifer,2025-04-04,19:49:23,-07:00,2025-04-04T19:49:23-07:00,0,6
projects\index.html,35,html,7dd2b34d,j2nnifer,2025-04-18,20:58:54,-07:00,2025-04-18T20:58:54-07:00,0,6
meta\index.html,1,html,4184750a,j2nnifer,2025-05-09,09:16:10,-07:00,2025-05-09T09:16:10-07:00,0,14
meta\index.html,2,html,4184750a,j2nnifer,2025-05-09,09:16:10,-07:00,2025-05-09T09:16:10-07:00,0,15
meta\index.html,3,html,4184750a,j2nnifer,2025-05-09,09:16:10,-07:00,2025-05-09T09:16:10-07:00,0,5
meta\index.html,4,html,4184750a,j2nnifer,2025-05-09,09:16:10,-07:00,2025-05-09T09:16:10-07:00,0,21
meta\index.html,5,html,4184750a,j2nnifer,2025-05-09,09:16:10,-07:00,2025-05-09T09:16:10-07:00,0,69
meta\index.html,6,html,4184750a,j2nnifer,2025-05-09,09:16:10,-07:00,2025-05-09T09:16:10-07:00,0,0
meta\index.html,7,html,4184750a,j2nnifer,2025-05-09,09:16:10,-07:00,2025-05-09T09:16:10-07:00,0,19
meta\index.html,8,html,4184750a,j2nnifer,2025-05-09,09:16:10,-07:00,2025-05-09T09:16:10-07:00,0,6
meta\index.html,9,html,4184750a,j2nnifer,2025-05-09,09:16:10,-07:00,2025-05-09T09:16:10-07:00,0,5
meta\index.html,10,html,00000000,Not Committed Yet,2025-05-09,09:31:04,-07:00,2025-05-09T09:31:04-07:00,0,3
meta\index.html,11,html,00000000,Not Committed Yet,2025-05-09,09:31:04,-07:00,2025-05-09T09:31:04-07:00,0,3
meta\index.html,12,html,00000000,Not Committed Yet,2025-05-09,09:31:04,-07:00,2025-05-09T09:31:04-07:00,0,4
meta\index.html,13,html,4184750a,j2nnifer,2025-05-09,09:16:10,-07:00,2025-05-09T09:16:10-07:00,0,0
meta\index.html,14,html,4184750a,j2nnifer,2025-05-09,09:16:10,-07:00,2025-05-09T09:16:10-07:00,0,0
meta\index.html,15,html,4184750a,j2nnifer,2025-05-09,09:16:10,-07:00,2025-05-09T09:16:10-07:00,0,6
meta\index.html,16,html,4184750a,j2nnifer,2025-05-09,09:16:10,-07:00,2025-05-09T09:16:10-07:00,0,6
contact\index.html,1,html,53c6a65d,j2nnifer,2025-04-04,19:49:23,-07:00,2025-04-04T19:49:23-07:00,0,14
contact\index.html,2,html,53c6a65d,j2nnifer,2025-04-04,19:49:23,-07:00,2025-04-04T19:49:23-07:00,0,5
contact\index.html,3,html,53c6a65d,j2nnifer,2025-04-04,19:49:23,-07:00,2025-04-04T19:49:23-07:00,0,5
contact\index.html,4,html,6f044660,j2nnifer,2025-04-11,21:41:24,-07:00,2025-04-11T21:41:24-07:00,0,22
contact\index.html,5,html,5f9d1929,j2nnifer,2025-04-11,12:09:19,-07:00,2025-04-11T12:09:19-07:00,0,42
contact\index.html,6,html,7dd2b34d,j2nnifer,2025-04-18,20:58:54,-07:00,2025-04-18T20:58:54-07:00,0,49
contact\index.html,7,html,53c6a65d,j2nnifer,2025-04-04,19:49:23,-07:00,2025-04-04T19:49:23-07:00,0,6
contact\index.html,8,html,53c6a65d,j2nnifer,2025-04-04,19:49:23,-07:00,2025-04-04T19:49:23-07:00,0,5
contact\index.html,9,html,53c6a65d,j2nnifer,2025-04-04,19:49:23,-07:00,2025-04-04T19:49:23-07:00,0,3
contact\index.html,10,html,53c6a65d,j2nnifer,2025-04-04,19:49:23,-07:00,2025-04-04T19:49:23-07:00,0,6
contact\index.html,11,html,53c6a65d,j2nnifer,2025-04-04,19:49:23,-07:00,2025-04-04T19:49:23-07:00,0,4
contact\index.html,12,html,53c6a65d,j2nnifer,2025-04-04,19:49:23,-07:00,2025-04-04T19:49:23-07:00,0,0
contact\index.html,13,html,53c6a65d,j2nnifer,2025-04-04,19:49:23,-07:00,2025-04-04T19:49:23-07:00,0,0
contact\index.html,14,html,53c6a65d,j2nnifer,2025-04-04,19:49:23,-07:00,2025-04-04T19:49:23-07:00,0,79
contact\index.html,15,html,53c6a65d,j2nnifer,2025-04-04,19:49:23,-07:00,2025-04-04T19:49:23-07:00,0,37
contact\index.html,16,html,53c6a65d,j2nnifer,2025-04-04,19:49:23,-07:00,2025-04-04T19:49:23-07:00,0,52
contact\index.html,17,html,53c6a65d,j2nnifer,2025-04-04,19:49:23,-07:00,2025-04-04T19:49:23-07:00,0,7
contact\index.html,18,html,53c6a65d,j2nnifer,2025-04-04,19:49:23,-07:00,2025-04-04T19:49:23-07:00,0,0
contact\index.html,19,html,53c6a65d,j2nnifer,2025-04-04,19:49:23,-07:00,2025-04-04T19:49:23-07:00,0,36
contact\index.html,20,html,53c6a65d,j2nnifer,2025-04-04,19:49:23,-07:00,2025-04-04T19:49:23-07:00,0,46
contact\index.html,21,html,53c6a65d,j2nnifer,2025-04-04,19:49:23,-07:00,2025-04-04T19:49:23-07:00,0,7
contact\index.html,22,html,53c6a65d,j2nnifer,2025-04-04,19:49:23,-07:00,2025-04-04T19:49:23-07:00,0,0
contact\index.html,23,html,53c6a65d,j2nnifer,2025-04-04,19:49:23,-07:00,2025-04-04T19:49:23-07:00,0,33
contact\index.html,24,html,53c6a65d,j2nnifer,2025-04-04,19:49:23,-07:00,2025-04-04T19:49:23-07:00,0,61
contact\index.html,25,html,53c6a65d,j2nnifer,2025-04-04,19:49:23,-07:00,2025-04-04T19:49:23-07:00,0,7
contact\index.html,26,html,53c6a65d,j2nnifer,2025-04-04,19:49:23,-07:00,2025-04-04T19:49:23-07:00,0,0
contact\index.html,27,html,53c6a65d,j2nnifer,2025-04-04,19:49:23,-07:00,2025-04-04T19:49:23-07:00,0,28
contact\index.html,28,html,53c6a65d,j2nnifer,2025-04-04,19:49:23,-07:00,2025-04-04T19:49:23-07:00,0,6
contact\index.html,29,html,53c6a65d,j2nnifer,2025-04-04,19:49:23,-07:00,2025-04-04T19:49:23-07:00,0,0
contact\index.html,30,html,53c6a65d,j2nnifer,2025-04-04,19:49:23,-07:00,2025-04-04T19:49:23-07:00,0,6
contact\index.html,31,html,53c6a65d,j2nnifer,2025-04-04,19:49:23,-07:00,2025-04-04T19:49:23-07:00,0,6
